{
  "cardWeights": [
    -0.5358670576776439,
    -0.4859586954451601,
    1.4268536738417277,
    0.8349661849861416,
    -0.5257765330168965,
    1.5509992795883085,
    -0.40761090019252544,
    -2.435630656511158,
    -1.4989513946103203,
    -0.24809094942868165,
    -0.19714532823921155,
    -0.30003864259530333,
    -0.13258905143178604,
    -1.0404280002051962,
    0.6477536009065015,
    -0.28476227935928566,
    -1.3426432546058968,
    -1.0421137206535904,
    0.08359647103381107,
    0.20930605524515064
  ],
  "betWeights": [
    0.27380603649489194,
    2,
    -0.8426201472037435,
    1.5971831588587815,
    -1.195293560391292,
    -1.4117606385482546,
    0.08921606063937718,
    1.252662738005605,
    0.7625850246765538,
    -1.3140922696329653,
    0.005556100729207217,
    -0.39083310350474026,
    0.6099965926271291,
    0.3917123928694878,
    1.1007580995641553,
    -0.09368686602810164,
    -0.31714435894949455,
    1.2048116843216121
  ],
  "thrCall": 0.900622447047319,
  "thrAccept": 0.6457046756729128,
  "thrRaise": 2.0604641015786065,
  "pBluff": -2.667379140018345,
  "playTemp": -0.14549006695143893
}