{
  "cardWeights": [
    -0.48200256782841705,
    -1.0947051290095615,
    1.3823347779241986,
    1.4220299831117267,
    0.5405975579212292,
    -0.09045291411010961,
    -1.2715616780018062,
    -2.7038943655471472,
    0.6325969957760517,
    -0.9156567541134111,
    0.3615464664225621,
    -0.1379581963158255,
    -0.5586734905464822,
    -0.7798472793204702,
    -0.0672392808122906,
    0.03329758586033277,
    0.2312091137809679,
    -1.530052002795428,
    -1.388971077034883,
    0.420890545676497
  ],
  "betWeights": [
    -0.34459903971076,
    0.9703532543499023,
    1.4741128628398268,
    2.0071182590168526,
    0.7296489675533383,
    -1.4703617430229812,
    -1.3418654515931798,
    0.9404809227579113,
    1.6129744050958474,
    -0.20374674199044263,
    1.1775737161793938,
    0.5410375805448779,
    0.7195375101642156,
    -0.32536598194447536,
    -0.014364459644615121,
    -0.8931996958420775,
    0.5373111790512187,
    0.43661552864132613,
    -0.30431412156419385,
    -0.06511713883514672,
    -0.004673585897117895,
    0.1219786444743601,
    -0.12061101426997364,
    0.10137004062691303
  ],
  "thrCall": 1.394266389833835,
  "thrAccept": -0.7206226748783386,
  "thrRaise": 2.09903920704878,
  "pBluff": -2.7054867713592445,
  "playTemp": 0.2967444670767607,
  "cardBucketThresholds": [
    0.9318554942054279,
    0.5334543441901962,
    0.9472511185111175,
    -0.23060100755079765,
    0.05502748043157177,
    0.8621481473318753,
    -0.11393735819787715,
    0.41356484940778,
    0.875915456299261
  ],
  "cardBucketWeights": [
    -0.40896071319368554,
    -0.18431248771714304,
    0.20047980460066456,
    -0.20781015067606778,
    0.0012481302909117253,
    -0.14931046332489062,
    0.335964765083749,
    0.057090914251128375,
    -0.47641091862690077,
    -0.17202388583302877,
    -0.3463986496829305,
    -0.08548348796325504
  ],
  "betBucketThresholds": [
    1.1127652122457468,
    1.0641270331131423,
    0.8862017315876769,
    0.16808187627485943,
    1.2335404239573216,
    -0.8053213788612419,
    -0.16863903039999856,
    0.6197749180754631,
    1.7513992572010129
  ],
  "betBucketWeights": [
    -0.07077556730212393,
    0.09841458672707237,
    -0.31590447366783364,
    0.274996072609051,
    -0.7788995703761346,
    -0.48851387506608485,
    -0.565665619964632,
    0.3660110816049989,
    0.21518689003027097,
    -0.025165785734406226,
    -0.20485268069742313,
    -0.4790107787661747
  ]
}