{
  "cardWeights": [
    0.6320121256527582,
    -0.9531346257727189,
    0.7268595920843197,
    0.974154489045978,
    0.5226883793784259,
    1.0342311685513275,
    -0.21225382125683,
    -2.3288655688080073,
    0.22708427166906922,
    -0.21678439289184323,
    -0.2856453944881859,
    -0.5714897155779238,
    0.08864763194822219,
    -0.6479734018838894,
    -0.9917134013282911,
    -0.5650054651284167,
    0.396423040725513,
    -0.11862927414832497,
    -0.307271754073707,
    0.43780309825667457
  ],
  "betWeights": [
    0.07950002828827472,
    2.3362247098154327,
    1.4862968857940897,
    1.0738391625373815,
    -1.3688822787084112,
    -0.4429819347782922,
    -1.540427507575953,
    0.8606941234320402,
    1.1849045126371673,
    0.09966691686862623,
    0.7568128545555959,
    0.21754672179446655,
    -0.12998594601311597,
    0.22952527038005668,
    -0.26652616128622175,
    -0.828941748097397,
    -0.02612630362066289,
    1.6957361143842875
  ],
  "thrCall": 1.948422762721058,
  "thrAccept": 1.4564325806818252,
  "thrRaise": 1.7455257253607661,
  "pBluff": -2.818299054752243,
  "playTemp": -0.10088760137400857
}