{
  "cardWeights": [
    -0.5252722386080103,
    0.21521001926620323,
    1.3111542629111832,
    0.9483956547558959,
    -0.7023838788117504,
    0.5144875085847903,
    -1.0588304321368895,
    -1.6072570494793905,
    1.1379771189596897,
    0.05832846903102325,
    -0.9416598711449305,
    1.1733840885886349,
    1.052885543604732,
    0.664565574139556,
    -1.7111257376805522,
    0.7056863866913633,
    -0.4300746283178435,
    -0.8169408598823236,
    -1.6406825608154019,
    -0.12618387830298225
  ],
  "betWeights": [
    -0.10176293315399847,
    1.0772415915957716,
    0.007711496342550105,
    -1.1674455427145496,
    -0.20267532879335176,
    -0.3481446820015018,
    1.0844605840127703,
    -0.16510881248158674,
    -0.4311298629487015,
    0.690170522389208,
    0.5064816842442712,
    -1.4878009442258038,
    0.15195732532998643,
    -0.09417373623589836,
    0.8094852705797542,
    -1.0140697443000652,
    0.669016293226989,
    -0.9045342012922233
  ],
  "thrCall": 0.2132866160161575,
  "thrAccept": 2.822449750199241,
  "thrRaise": 1.4896539089961747,
  "pBluff": -2.6304547446360838,
  "playTemp": 0.021871988449151464
}