{
  "cardWeights": [
    -0.22578993346299892,
    -0.9068899381607889,
    1.7534961985855564,
    1.6288936674784673,
    0.791171222276303,
    -0.28885488713388874,
    -1.1954879760960795,
    -2.7038943655471472,
    0.654266519605091,
    -0.7112835444048878,
    -0.006965842354839838,
    0.0001763163607279017,
    -0.5586734905464822,
    -0.6730720302027654,
    -0.022080842604697337,
    0.20684932165874065,
    -0.5889503472954555,
    -1.2053875528035682,
    -1.3173966380075224,
    -0.3006664245322686
  ],
  "betWeights": [
    -0.3616680587917174,
    0.9703532543499023,
    1.3115563623593873,
    2.075876417313022,
    0.6806729351727765,
    -0.6963913796460156,
    -1.437725080129685,
    0.9995463616862647,
    1.6522634373926923,
    -0.03739906528506987,
    0.8319185996676355,
    -0.30598660992664356,
    -0.10773202983098727,
    -0.21591694368034603,
    -0.014364459644615121,
    -0.9898762618803658,
    0.5947847090823822,
    0.2568162377689622,
    0.09595201708317541,
    -0.03485351890608802
  ],
  "thrCall": 1.6986662337955925,
  "thrAccept": -0.5771082665716245,
  "thrRaise": 1.5092827362817256,
  "pBluff": -2.568657993705654,
  "playTemp": -0.890157880049659,
  "cardBucketThresholds": [
    0.9630698348671332,
    0.41516923606387707,
    0.6852848261512783,
    0.13666691517649188,
    0.5525456300097613,
    0.5762108479712053,
    0.15092260356345838,
    0.4762582188362056,
    0.6175107051808801
  ],
  "cardBucketWeights": [
    -0.08613318169275315,
    -0.03707469364925106,
    0.07408139569001534,
    0.029974919473882113,
    0.0012481302909117253,
    -0.13669415520257322,
    0.24860559434883556,
    0.057090914251128375,
    0.050801699196029816,
    -0.27947527111927517,
    -0.1451863839384302,
    -0.33229942449211763
  ],
  "betBucketThresholds": [
    0.7973153384094868,
    1.2472587699684168,
    0.17607703171632197,
    0.1597867063776348,
    0.9074383051383244,
    -0.7579143370528707,
    0.263858049983593,
    0.8491327908508797,
    1.6730227667160358
  ],
  "betBucketWeights": [
    0.01491282904657091,
    -0.1999017894357682,
    -0.015392200821511576,
    0.274996072609051,
    0.27847638268348945,
    0.1403559954385874,
    0.05704341184412216,
    0.4720166177144881,
    0.026710440302213964,
    0.08946608607459709,
    -0.028093307329962902,
    -0.11338242645558944
  ]
}