{
  "cardWeights": [
    -0.9734242666737752,
    -0.38299549021014323,
    1.2741312815690071,
    1.6659563867070486,
    -0.5780774336706427,
    -0.10924197550960037,
    -0.6842587621418892,
    -1.8539148722022234,
    0.9635608622504561,
    -0.6340666766289855,
    -0.23254128901402144,
    -0.2001646835044764,
    0.2355730615108909,
    -0.11315815440720872,
    -0.6457507122488508,
    -1.0791133747851782,
    -0.3561594562119179,
    0.528110211813976,
    0,
    0.024660049444437088
  ],
  "betWeights": [
    -0.517630620371592,
    1.709974169979617,
    1.3513221798057715,
    2.18919408499585,
    0.7542154401446286,
    -0.17669196043986563,
    -0.6078075280184025,
    -0.5870389070436766,
    1.3401803564224046,
    -0.30203262124442554,
    0.7535942366891537,
    0.6140374220160373,
    -0.7068571724899022,
    0.0295263416949994,
    0.06865829783284376,
    -0.5800347668996203,
    0.880426939820059,
    0.4771636022442203
  ],
  "thrCall": 1.1912638895914758,
  "thrAccept": 0.7825738185398353,
  "thrRaise": 1.6328746456778092,
  "pBluff": -2.3173098535036174,
  "playTemp": 0.16634355428470296,
  "cardBucketThresholds": [
    0.7394416229412754,
    -0.6242468593081935,
    0.6201091220979353,
    -0.006277585916141859,
    0.4992975869580281,
    0.9176208463170513,
    0.6577572065973594,
    0.501328432199208,
    0.7797613831992927
  ],
  "cardBucketWeights": [
    0.1987764784607848,
    -0.15990470249869515,
    0.03691170526427203,
    -0.10296209072694182,
    -0.16981662827844754,
    -0.01767976195740694,
    -0.041093023483813704,
    -0.06759781390878054,
    0.38237763242509015,
    0.28534553716546057,
    -0.2476273307014858,
    -0.18942527107471147
  ],
  "betBucketThresholds": [
    0.240868774660282,
    0.302815759946163,
    0.5491092699034624,
    0.12838510672893433,
    0.25677039657515593,
    -0.5588687386429264,
    0.4649854487652979,
    0.4526305983522664,
    0.9024653218038117
  ],
  "betBucketWeights": [
    -0.0694429327917203,
    0.03052499625243548,
    -0.07085922695256887,
    0.04338522969017691,
    0.34561216078378804,
    0.4222959352846311,
    0.3399511061671423,
    0.11740861737739418,
    -0.5002593331443941,
    0.2855723319007034,
    -0.10903765245461222,
    -0.22123105693687042
  ]
}